# nodi; tempo medio
10; 0,00164
25; 0,01446
50; 0,08360
100; 0,73011
150; 3,06304
200; 7,90510
250; 18,47217
300; 39.28023
350; 71.57239